blockNum,uniqueId,hash,from_address,to,value,asset,category
0x2f1df34,0x8bb5c3de4ee16c883169b71dff4ec8d5c12db3533a50d18188ee64f15f530624:log:224,0x8bb5c3de4ee16c883169b71dff4ec8d5c12db3533a50d18188ee64f15f530624,0x643770e279d5d0733f21d6dc03a8efbabf3255b4,0x6bc825a870804cbcb3327fd1bae051259ae4e98e,0.000331489870089503,WETH,erc20
0x2f1ffdb,0x0ee3286c021cdb230a902380e76a4348836b020caa243b742ac0a73ffee6d1d9:log:161,0x0ee3286c021cdb230a902380e76a4348836b020caa243b742ac0a73ffee6d1d9,0x643770e279d5d0733f21d6dc03a8efbabf3255b4,0x6bc825a870804cbcb3327fd1bae051259ae4e98e,0.000020708851871116,WETH,erc20
0x2f202d7,0x976434c6a08646ff01d29026cb727104331f0da4ded3dd770cd670cb3e04bfa9:log:403,0x976434c6a08646ff01d29026cb727104331f0da4ded3dd770cd670cb3e04bfa9,0x643770e279d5d0733f21d6dc03a8efbabf3255b4,0x6bc825a870804cbcb3327fd1bae051259ae4e98e,0.00001646905236853,WETH,erc20
0x2f202f5,0x8f1019c0d6cccf0747f496d757223ece299382ed7c878cf54c30c4cef73f29cc:log:291,0x8f1019c0d6cccf0747f496d757223ece299382ed7c878cf54c30c4cef73f29cc,0x643770e279d5d0733f21d6dc03a8efbabf3255b4,0x6bc825a870804cbcb3327fd1bae051259ae4e98e,0.000018052846760163,WETH,erc20
