blockNum,uniqueId,hash,from_address,to,value,asset,category
0x2f1c786,0x4ef0c31ad2588e6507b929b59bcda3fc977283675a8eeb390e87a86cc9299a13:log:108,0x4ef0c31ad2588e6507b929b59bcda3fc977283675a8eeb390e87a86cc9299a13,0x643770e279d5d0733f21d6dc03a8efbabf3255b4,0x6bc825a870804cbcb3327fd1bae051259ae4e98e,1E-7,WBTC,erc20
0x2f1d88f,0xe8d80c9d178b4af5118d395d686a4c7c7192fb8748b92ddf9ef66fed878ee7fa:log:141,0xe8d80c9d178b4af5118d395d686a4c7c7192fb8748b92ddf9ef66fed878ee7fa,0x643770e279d5d0733f21d6dc03a8efbabf3255b4,0x6bc825a870804cbcb3327fd1bae051259ae4e98e,0.00001247828440985,WETH,erc20
0x2f1ee31,0x25490fd23f18234adb1e28b8c17a29a8e415129f6bb454bae0b6fe527a70a78e:log:1061,0x25490fd23f18234adb1e28b8c17a29a8e415129f6bb454bae0b6fe527a70a78e,0x643770e279d5d0733f21d6dc03a8efbabf3255b4,0x6bc825a870804cbcb3327fd1bae051259ae4e98e,0.000810289875926373,WETH,erc20
0x2f1fd14,0xfa65c08652dcadf6e5d1f19adc62a9411e326ac6efb0051d7ce317e04f75f036:log:523,0xfa65c08652dcadf6e5d1f19adc62a9411e326ac6efb0051d7ce317e04f75f036,0x643770e279d5d0733f21d6dc03a8efbabf3255b4,0x6bc825a870804cbcb3327fd1bae051259ae4e98e,0.00306894617877718,WETH,erc20
0x2f20cf3,0xcd4606b5d85132057cbd092ad5128955a831bcbc176bb7ec40727861ef86edb8:log:590,0xcd4606b5d85132057cbd092ad5128955a831bcbc176bb7ec40727861ef86edb8,0x643770e279d5d0733f21d6dc03a8efbabf3255b4,0x6bc825a870804cbcb3327fd1bae051259ae4e98e,0.000038456972246693,WETH,erc20
0x2f20d22,0xab9690a810330839c4ddc2735441ed2554c60e959ae3956ff757468d09f17d00:log:212,0xab9690a810330839c4ddc2735441ed2554c60e959ae3956ff757468d09f17d00,0x643770e279d5d0733f21d6dc03a8efbabf3255b4,0x6bc825a870804cbcb3327fd1bae051259ae4e98e,0.00000243,WBTC,erc20
0x2f20dfb,0x492bb545928af0caff3304fd3d337dd8948e9f6fbe5cb3954700b7728c25c297:log:220,0x492bb545928af0caff3304fd3d337dd8948e9f6fbe5cb3954700b7728c25c297,0x643770e279d5d0733f21d6dc03a8efbabf3255b4,0x6bc825a870804cbcb3327fd1bae051259ae4e98e,0.000787148053484254,WETH,erc20
0x2f213e1,0xcd6607830b24ae0388dbf9978ed9a62837193cdea9c604489e453f91f84f78ef:log:301,0xcd6607830b24ae0388dbf9978ed9a62837193cdea9c604489e453f91f84f78ef,0x643770e279d5d0733f21d6dc03a8efbabf3255b4,0x6bc825a870804cbcb3327fd1bae051259ae4e98e,0.00000174,WBTC,erc20
0x2f21433,0x40a511ab45ce3e136a51d61c994aac550093e9d540e17a22c656342386c80182:log:208,0x40a511ab45ce3e136a51d61c994aac550093e9d540e17a22c656342386c80182,0x643770e279d5d0733f21d6dc03a8efbabf3255b4,0x6bc825a870804cbcb3327fd1bae051259ae4e98e,0.00003344076210813,WETH,erc20
