blockNum,uniqueId,hash,from_address,to,value,asset,category
0x2f2004e,0x3ab852c3f178b25c1b0f044455b7dbf51cf319bded032bcafec4e93b1df7b830:log:278,0x3ab852c3f178b25c1b0f044455b7dbf51cf319bded032bcafec4e93b1df7b830,0x643770e279d5d0733f21d6dc03a8efbabf3255b4,0x6bc825a870804cbcb3327fd1bae051259ae4e98e,0.000008244765527717,WETH,erc20
0x2f202b1,0x268bc7f115ddca737d2be5e0abd79e97457a3562b0c8a2ce621e1f0e5042a828:log:379,0x268bc7f115ddca737d2be5e0abd79e97457a3562b0c8a2ce621e1f0e5042a828,0x643770e279d5d0733f21d6dc03a8efbabf3255b4,0x6bc825a870804cbcb3327fd1bae051259ae4e98e,0.000016466028689834,WETH,erc20
