blockNum,uniqueId,hash,from_address,to,value,asset,category
0x2f1f9b0,0xfe41ea56f699b8181c1ea12771d9615c961a3d2c55a7cfa3249acc8b590019f9:log:686,0xfe41ea56f699b8181c1ea12771d9615c961a3d2c55a7cfa3249acc8b590019f9,0x643770e279d5d0733f21d6dc03a8efbabf3255b4,0x6bc825a870804cbcb3327fd1bae051259ae4e98e,0.468997,USDT,erc20
0x2f21301,0x6fdf2810050eba1639c19536518fb2f9a4911de1ca56a0de15fa27567cae9f29:log:395,0x6fdf2810050eba1639c19536518fb2f9a4911de1ca56a0de15fa27567cae9f29,0x643770e279d5d0733f21d6dc03a8efbabf3255b4,0x6bc825a870804cbcb3327fd1bae051259ae4e98e,0.10206,USDT,erc20
