blockNum,uniqueId,hash,from_address,to,value,asset,category
0x2f1e3a8,0xc0377d08a7d1ca67c74af3519ca4faed3fcfeeac23862443758ed5aa3e9c1a45:log:558,0xc0377d08a7d1ca67c74af3519ca4faed3fcfeeac23862443758ed5aa3e9c1a45,0x643770e279d5d0733f21d6dc03a8efbabf3255b4,0x6bc825a870804cbcb3327fd1bae051259ae4e98e,0.002633,USDT,erc20
0x2f1eb08,0x0b31f588d44ccfb93a38f2d98bf627b70ef44700a3257451e54d91a07d4b959b:log:2721,0x0b31f588d44ccfb93a38f2d98bf627b70ef44700a3257451e54d91a07d4b959b,0x643770e279d5d0733f21d6dc03a8efbabf3255b4,0x6bc825a870804cbcb3327fd1bae051259ae4e98e,4E-8,WBTC,erc20
0x2f1f771,0xadef32fccf71d27e951e8ec78bf4fb00e9251cb87da307f56049701744e4187a:log:302,0xadef32fccf71d27e951e8ec78bf4fb00e9251cb87da307f56049701744e4187a,0x643770e279d5d0733f21d6dc03a8efbabf3255b4,0x6bc825a870804cbcb3327fd1bae051259ae4e98e,5E-8,WBTC,erc20
0x2f20514,0xcb24b72d8d5626947cba9b9d0f787a1288fe81b239a4400fabc5f7a446866ac8:log:164,0xcb24b72d8d5626947cba9b9d0f787a1288fe81b239a4400fabc5f7a446866ac8,0x643770e279d5d0733f21d6dc03a8efbabf3255b4,0x6bc825a870804cbcb3327fd1bae051259ae4e98e,0.00399,USDT,erc20
