blockNum,uniqueId,hash,from_address,to,value,asset,category
0x2f1cd17,0x56a23abb512232e50a25e6d65406e1111a99dfb68ca89e6e3daf645ff7364f12:log:95,0x56a23abb512232e50a25e6d65406e1111a99dfb68ca89e6e3daf645ff7364f12,0x643770e279d5d0733f21d6dc03a8efbabf3255b4,0x6bc825a870804cbcb3327fd1bae051259ae4e98e,0.000165834091266703,WETH,erc20
0x2f1cd6b,0x43964d70e09ecb045f5ab106fadcf5192c77896b187082356887cec1fff7014f:log:276,0x43964d70e09ecb045f5ab106fadcf5192c77896b187082356887cec1fff7014f,0x643770e279d5d0733f21d6dc03a8efbabf3255b4,0x6bc825a870804cbcb3327fd1bae051259ae4e98e,0.00000663,WBTC,erc20
0x2f2107f,0x4ea3c5975bb7fed1eda7269be7f559ceb156691817ca9894b09294221b6cab68:log:409,0x4ea3c5975bb7fed1eda7269be7f559ceb156691817ca9894b09294221b6cab68,0x643770e279d5d0733f21d6dc03a8efbabf3255b4,0x6bc825a870804cbcb3327fd1bae051259ae4e98e,0.00001093,WBTC,erc20
0x2f211c5,0x3a8fff6f1a1d12cb35cdbe5f189b80e4580c32e4152945724d4269fc01da534d:log:213,0x3a8fff6f1a1d12cb35cdbe5f189b80e4580c32e4152945724d4269fc01da534d,0x643770e279d5d0733f21d6dc03a8efbabf3255b4,0x6bc825a870804cbcb3327fd1bae051259ae4e98e,0.00000109,WBTC,erc20
