blockNum,uniqueId,hash,from_address,to,value,asset,category
0x2f1eff3,0x170c07faed7b8ec940d74711d949422c5b08b0ee4859549e39da81868644ec19:log:639,0x170c07faed7b8ec940d74711d949422c5b08b0ee4859549e39da81868644ec19,0x643770e279d5d0733f21d6dc03a8efbabf3255b4,0x6bc825a870804cbcb3327fd1bae051259ae4e98e,0.000075,WETH,erc20
0x2f20556,0xfae74a3fb006dfa67507362a1a99efd65c439a5935ba60e071982afa9a716add:log:405,0xfae74a3fb006dfa67507362a1a99efd65c439a5935ba60e071982afa9a716add,0x643770e279d5d0733f21d6dc03a8efbabf3255b4,0x6bc825a870804cbcb3327fd1bae051259ae4e98e,0.000045235685081271,WETH,erc20
