blockNum,uniqueId,hash,from_address,to,value,asset,category
0x2f1c75a,0xd3146d71dd9ca7c657991f1b2f909ff6365fdc8da449abed37d27dea725ed268:log:214,0xd3146d71dd9ca7c657991f1b2f909ff6365fdc8da449abed37d27dea725ed268,0x643770e279d5d0733f21d6dc03a8efbabf3255b4,0x6bc825a870804cbcb3327fd1bae051259ae4e98e,3.195015,XSGD,erc20
0x2f1e3a2,0x011c6ae38234e20847669c5c262dc7e7b73a9d25ba1ca9ea58abcfbbc4a516be:log:843,0x011c6ae38234e20847669c5c262dc7e7b73a9d25ba1ca9ea58abcfbbc4a516be,0x643770e279d5d0733f21d6dc03a8efbabf3255b4,0x6bc825a870804cbcb3327fd1bae051259ae4e98e,1.637991,XSGD,erc20
0x2f1e62a,0x266e81f26341a4bb04662a23df0b7db1bbbd4e58b5bcdd8885736d37b178b396:log:482,0x266e81f26341a4bb04662a23df0b7db1bbbd4e58b5bcdd8885736d37b178b396,0x643770e279d5d0733f21d6dc03a8efbabf3255b4,0x6bc825a870804cbcb3327fd1bae051259ae4e98e,0.00000147,WBTC,erc20
0x2f205bf,0x088df1d42d81df2cd6abdbc9a5bba42ccf338a60506ec542a83cb8972105b728:log:299,0x088df1d42d81df2cd6abdbc9a5bba42ccf338a60506ec542a83cb8972105b728,0x643770e279d5d0733f21d6dc03a8efbabf3255b4,0x6bc825a870804cbcb3327fd1bae051259ae4e98e,0.000026641227706985,WETH,erc20
